{"cameraMode":{"drawMode":0,"name":"Shaded","section":"Shading Mode"},"sceneLighting":true,"audioPlay":false,"sceneViewState":{"showFog":true,"showMaterialUpdate":false,"showSkybox":true,"showFlares":true,"showImageEffects":true,"showParticleSystems":true},"in2DMode":false,"pivot":{"x":-30.08078384399414,"y":-36.38483428955078,"z":44.127052307128909},"rotation":{"x":-0.4036199450492859,"y":-0.010978979989886284,"z":0.004843621980398893,"w":-0.9148480892181397},"size":90.2843017578125,"orthographic":false}