{"cameraMode":{"drawMode":0,"name":"Shaded","section":"Shading Mode"},"sceneLighting":false,"audioPlay":false,"sceneViewState":{"showFog":true,"showMaterialUpdate":false,"showSkybox":false,"showFlares":true,"showImageEffects":true,"showParticleSystems":true},"in2DMode":false,"pivot":{"x":10.10814094543457,"y":-6.022693157196045,"z":35.73067092895508},"rotation":{"x":0.5499544739723206,"y":-0.0025100382044911386,"z":0.0016517871990799904,"w":0.8351937532424927},"size":6.727298259735107,"orthographic":false}