{"cameraMode":{"drawMode":0,"name":"Shaded","section":"Shading Mode"},"sceneLighting":false,"audioPlay":false,"sceneViewState":{"showFog":true,"showMaterialUpdate":false,"showSkybox":false,"showFlares":true,"showImageEffects":true,"showParticleSystems":true},"in2DMode":false,"pivot":{"x":6.5057573318481449,"y":19.387813568115236,"z":-2.0354137420654299},"rotation":{"x":0.5499544739723206,"y":-0.0025100382044911386,"z":0.0016517871990799904,"w":0.8351937532424927},"size":14.489964485168457,"orthographic":false}