{"cameraMode":{"drawMode":0,"name":"Shaded","section":"Shading Mode"},"sceneLighting":false,"audioPlay":false,"sceneViewState":{"showFog":true,"showMaterialUpdate":false,"showSkybox":false,"showFlares":true,"showImageEffects":true,"showParticleSystems":true},"in2DMode":false,"pivot":{"x":7.140560150146484,"y":-153.33963012695313,"z":107.95915985107422},"rotation":{"x":-0.3984278440475464,"y":0.0063395872712135319,"z":-0.00275526475161314,"w":-0.9171800017356873},"size":1.4660253524780274,"orthographic":false}